"","facebook_S_alphas","facebook_S_gammas","facebook_S_thetas","newsletter_alphas","newsletter_gammas","newsletter_thetas","ooh_S_alphas","ooh_S_gammas","ooh_S_thetas","print_S_alphas","print_S_gammas","print_S_thetas","search_S_alphas","search_S_gammas","search_S_thetas","tv_S_alphas","tv_S_gammas","tv_S_thetas","train_size","rsq_train","rsq_val","rsq_test","nrmse_train","nrmse_val","nrmse_test","nrmse","decomp.rssd","mape","lambda","lambda_hp","lambda_max","lambda_min_ratio","pos","Elapsed","ElapsedAccum","solID","trial","iterNG","iterPar","iterations","coef0","mape.qt10","robynPareto","error_score","cluster","top_sol"
"1",1.26537,0.4549534,0.2764206,0.79253,0.31019354,0.2365573,0.7787075,0.4048747,0.3787627,1.8012625,0.5047703,0.3888094,2.549125,0.8179566,0.1957275,2.6340825,0.5169615,0.715026,0.6583892,0.941914239835049,0.762785253351069,0.976679768780091,0.0551203570997608,0.585362518475363,0.209594704554044,0.585362518475363,0.307760687462251,0.933108273513434,9362.87268702975,4.29902e-05,65481090.2533626,1e-04,1,0.103775024414062,142.278333187103,"3_84_1",3,84,1,1246,FALSE,TRUE,6,0.0701939967186441,5,FALSE
"2",1.28041,0.4358931,0.2436312,1.750975,0.34314751,0.2360725,0.58347,0.8485648,0.2216755,0.86055,0.7833409,0.3891676,2.7491075,0.7532822,0.1904736,2.8427725,0.4364678,0.71646,0.6549098,0.934794060739659,0.779859382027883,0.957757906933922,0.0584010642509241,0.569718221487451,0.266399812426338,0.569718221487451,0.462771101092385,0.783379632536629,49754.4974882158,0.000659896,65481090.2533626,1e-04,1,0.10288405418396,144.329768180847,"3_85_4",3,85,4,1264,FALSE,TRUE,7,0.13900327910115,1,FALSE
"3",1.26537,0.4549534,0.2764206,0.79253,0.31019354,0.2365573,0.7787075,0.4048747,0.3787627,1.2178575,0.3366331,0.3946945,2.9782175,0.4755572,0.1957275,2.6340825,0.5169615,0.715026,0.6583892,0.941425690426633,0.759840213716376,0.978589735878532,0.05535167567781,0.58898497062728,0.200828290889326,0.58898497062728,0.294622680651228,0.92389752684117,9362.87268702975,4.29902e-05,65481090.2533626,1e-04,1,0.122460842132568,145.738864183426,"3_86_1",3,86,1,1276,FALSE,TRUE,7,0.0643524281160705,5,FALSE
"4",1.28041,0.4358931,0.2436312,1.750975,0.34495561,0.2372986,0.57859075,0.8485648,0.2216755,0.86055,0.7833409,0.3891676,2.7491075,0.7532822,0.1904736,2.8427725,0.4364678,0.71646,0.6549098,0.934784200599277,0.779885904471832,0.957716444828275,0.0584054796533482,0.569683900754449,0.266530520770889,0.569683900754449,0.4613489074658,0.78358117191123,49754.4974882158,0.000659896,65481090.2533626,1e-04,1,0.115192890167236,147.831424236298,"3_87_4",3,87,4,1294,FALSE,TRUE,6,0.138377779722296,1,FALSE
"5",1.2720125,0.4987055,0.2408046,1.10257,0.34867212,0.1706221,0.54955375,0.8076603,0.2510587,1.2456025,0.9086773,0.3875161,2.601725,0.7579981,0.1879116,2.66585,0.4989456,0.7145385,0.6571013,0.937371629553212,0.775211758034573,0.967440431523754,0.0572351387171271,0.569824166652125,0.247658478252047,0.569824166652125,0.410862576060627,0.832123745806209,34658.4251532488,0.000429332,65481090.2533626,1e-04,1,0.106489181518555,148.640428066254,"3_87_11",3,87,11,1301,FALSE,TRUE,3,0.115954237760242,3,FALSE
"6",1.28041,0.4358931,0.2436312,1.380255,0.4269114,0.3092227,0.6429295,0.7478229,0.11082844,1.6620625,0.8766761,0.3847492,2.97723,0.8938072,0.1667337,2.8427725,0.4364678,0.71646,0.6549098,0.935724589844676,0.781687827363342,0.951010812967881,0.0579828572075006,0.567347303524283,0.28688729551262,0.567347303524283,0.526820207501658,0.790284327050332,49754.4974882158,0.000659896,65481090.2533626,1e-04,1,0.0993800163269043,151.450205087662,"3_89_4",3,89,4,1324,FALSE,TRUE,3,0.16742184192805,3,FALSE
"7",1.2720125,0.4987055,0.2408046,1.10257,0.34867212,0.1706221,0.54955375,0.8076603,0.2510587,1.2456025,0.9086773,0.3875161,2.601725,0.7579981,0.1879116,2.6552725,0.5039415,0.7143405,0.6590723,0.938968744987756,0.774055609390876,0.970369339741545,0.0565006356977841,0.571287669598779,0.23625692349053,0.571287669598779,0.386398413001385,0.86525978299114,24875.3500151263,0.000279914,65481090.2533626,1e-04,1,0.107221126556396,152.218295097351,"3_89_11",3,89,11,1331,FALSE,TRUE,4,0.105072931356667,3,FALSE
"8",1.27293,0.3552489,0.2474319,1.29668,0.35290292,0.2360725,0.58347,0.8485648,0.2216755,0.86055,0.7833409,0.3891676,2.7491075,0.7532822,0.1904736,2.8427725,0.4364678,0.71646,0.6549098,0.934805669975334,0.780909251347119,0.957795832457083,0.0583958651700867,0.568358080580084,0.266280196892718,0.568358080580084,0.463179309347247,12.9813564845743,49754.4974882158,0.000659896,65481090.2533626,1e-04,1,0.109326839447021,154.823837041855,"3_91_4",3,91,4,1354,FALSE,TRUE,2,0.139222080094004,1,FALSE
"9",1.245245,0.36831265,0.2217354,1.14666,0.4086211,0.236095,0.5890415,0.8639963,0.2711029,0.6608375,0.9086773,0.3875161,2.601725,0.7579981,0.1879116,2.66585,0.4989456,0.70749,0.6548078,0.941788835187381,0.766349663978433,0.973153978870737,0.0551798262544905,0.586939346522503,0.212373910554357,0.586939346522503,0.313812860052331,0.918614944234274,7184.75073587672,9.7235e-06,65481090.2533626,1e-04,1,0.101274013519287,155.5914311409,"3_91_11",3,91,11,1361,FALSE,TRUE,7,0.0728813182092018,5,FALSE
"10",1.26537,0.4549534,0.2764206,0.79253,0.31019354,0.2365573,0.7787075,0.4048747,0.3787627,2.7297575,0.3366331,0.3946945,2.9782175,0.4755572,0.1957275,2.6340825,0.5169615,0.715026,0.6583892,0.941497328001151,0.759176688823356,0.978932069535651,0.0553178172084548,0.589798047273943,0.199216276245945,0.589798047273943,0.282528024181126,0.927910098138927,9362.87268702975,4.29902e-05,65481090.2533626,1e-04,1,0.100558996200562,156.170837163925,"3_92_1",3,92,1,1366,FALSE,TRUE,7,0.0590043682811235,5,FALSE
"11",1.2720125,0.563221,0.2377641,1.4660075,0.34086775,0.1706221,0.54955375,0.8076603,0.2510587,1.2456025,0.9086773,0.3875161,2.601725,0.7579981,0.1879116,2.66585,0.4989456,0.7145385,0.6571013,0.937367138706764,0.774887963103681,0.967357183366348,0.0572371907393179,0.570234418941444,0.247974882174618,0.570234418941444,0.410089986011118,0.832714157316818,34658.4251532488,0.000429332,65481090.2533626,1e-04,1,0.100790977478027,158.969048261642,"3_93_11",3,93,11,1391,FALSE,TRUE,3,0.115616365862665,3,FALSE
"12",1.2720125,0.4987055,0.2408046,1.10257,0.34867212,0.1706221,0.54955375,0.8076603,0.2510587,1.2456025,0.9086773,0.3875161,2.601725,0.6912146,0.1686201,2.6661225,0.5040626,0.7145385,0.6571013,0.937338957303762,0.774744960458421,0.968874383930715,0.0572500661125883,0.570415511177054,0.242143523657564,0.570415511177054,0.410427082848719,0.830279023203172,34658.4251532488,0.000429332,65481090.2533626,1e-04,1,0.110785007476807,162.358626127243,"3_95_11",3,95,11,1421,FALSE,TRUE,4,0.115716794722686,3,FALSE
"13",1.26537,0.4549534,0.2764206,0.6507545,0.32964927,0.1964731,0.56188,0.6027549,0.2187958,2.8508325,0.31841917,0.3946945,2.9782175,0.4755572,0.1957275,2.6340825,0.5169615,0.715026,0.6583892,0.941095208851459,0.763101804289824,0.977690545643777,0.0555076056354309,0.584971819929017,0.205002120856163,0.584971819929017,0.306499584075811,2.5076262959738,9362.87268702975,4.29902e-05,65481090.2533626,1e-04,1,0.114682912826538,162.943416118622,"3_96_1",3,96,1,1426,FALSE,TRUE,5,0.0696167011016606,5,FALSE
"14",1.33398,0.9265119,0.01813794,2.75332,0.5103276,0.1410364,0.51935385,0.7898523,0.1977607,1.5646925,0.6197544,0.3306346,2.3787775,0.971811,0.2102577,2.443175,0.5526377,0.7138535,0.6475571,0.939708967761289,0.780644665438545,0.965045044897831,0.0562111723953137,0.57322982069525,0.256453252674688,0.57322982069525,0.387820626117025,0.925977259074384,18581.7406005861,0.000183791,65481090.2533626,1e-04,1,0.11013388633728,163.270132064819,"3_96_4",3,96,4,1429,FALSE,TRUE,7,0.105886845201255,5,FALSE
"15",1.27887,0.6243415,0.0909189,2.4689175,0.4496054,0.1965814,0.51100845,0.9352927,0.3063607,1.62429,0.8189478,0.3700516,2.2565525,0.6847578,0.2063748,2.443175,0.5526377,0.7138535,0.6535256,0.93990740052499,0.776714091426597,0.975052757177832,0.0561185936919062,0.578342799563149,0.216653203249559,0.578342799563149,0.322144566215681,0.909704281250408,18581.7406005861,0.000183791,65481090.2533626,1e-04,1,0.100564956665039,166.655136108398,"3_98_4",3,98,4,1459,FALSE,TRUE,5,0.0765849162242278,5,FALSE
"16",1.260415,0.5020396,0.2414799,0.6006225,0.35767475,0.2035225,0.52117505,0.4968953,0.265936,2.58459,0.4739304,0.3966226,2.9680375,0.3478135,0.2058453,2.52669,0.5913022,0.7149965,0.6565337,0.940379767157403,0.765891985922069,0.978682874994083,0.0558436784507755,0.581516723801141,0.200390992304809,0.581516723801141,0.262269284028962,26.735808616607,14357.4540905178,0.000119273,65481090.2533626,1e-04,1,0.115875959396362,167.333255052567,"3_98_10",3,98,10,1465,FALSE,TRUE,2,0.0505521503287689,5,FALSE
"17",1.26537,0.31230089,0.2915898,0.61302525,0.31748964,0.2851039,0.5323375,0.8038894,0.2997109,1.870335,0.3366331,0.3946945,2.9782175,0.4755572,0.1957275,2.6340825,0.5169615,0.715026,0.6583892,0.94125636244056,0.763323032502042,0.977822924745241,0.055431623900721,0.584698617136835,0.204392998516278,0.584698617136835,0.265269611562766,13.2731490455457,9362.87268702975,4.29902e-05,65481090.2533626,1e-04,1,0.103399991989136,169.725976228714,"3_100_1",3,100,1,1486,FALSE,TRUE,4,0.05152025942173,5,FALSE
"18",1.27887,0.6243415,0.0909189,2.3783625,0.4828281,0.1782895,0.51896295,0.7898523,0.1977607,1.5646925,0.8759866,0.3686884,2.9689275,0.8827269,0.1849185,2.7742925,0.4621809,0.7138535,0.6535256,0.940126717181162,0.781432849367913,0.95918573211245,0.0560160936113059,0.572199033995366,0.27711487770309,0.572199033995366,0.396163859034492,0.909095550072365,18581.7406005861,0.000183791,65481090.2533626,1e-04,1,0.102695941925049,170.063055038452,"3_100_4",3,100,4,1489,FALSE,TRUE,7,0.109807662839921,5,FALSE
"19",1.22956,0.395648,0.2431536,0.896795,0.5518208,0.3612271,0.67773075,0.5335179,0.1733143,0.7802725,0.9869793,0.3960688,2.795925,0.8920201,0.1639578,2.983505,0.4018451,0.717064,0.653078,0.938821946868996,0.783567959732196,0.959812782459436,0.0566231609480707,0.569397363289766,0.274977909728116,0.569397363289766,0.452884759456369,39.829328046203,21957.084197211,0.000235343,65481090.2533626,1e-04,1,0.110244035720825,172.20309305191,"3_101_8",3,101,8,1508,FALSE,TRUE,4,0.135145678154801,3,FALSE
"20",1.26653,0.3981967,0.2392866,0.9905075,0.34867212,0.1706221,0.54955375,0.8076603,0.2510587,1.2456025,0.9086773,0.3875161,2.601725,0.7579981,0.1879116,2.66585,0.4989456,0.7145385,0.6571013,0.937392479307492,0.775689391904266,0.967578856793284,0.057225610783495,0.569218458698674,0.247131464103845,0.569218458698674,0.412318878160423,0.831525654096576,34658.4251532488,0.000429332,65481090.2533626,1e-04,1,0.112201929092407,172.537755250931,"3_101_11",3,101,11,1511,FALSE,TRUE,2,0.116591795995668,3,FALSE
"21",1.259335,0.3897463,0.2726361,0.79253,0.31019354,0.2365573,0.7787075,0.4048747,0.3787627,2.7297575,0.3366331,0.3946945,2.9782175,0.4755572,0.1957275,2.6340825,0.5169615,0.715026,0.6583892,0.941505266156228,0.759257844763077,0.978962296558265,0.0553140640780979,0.589698659785621,0.199073313073827,0.589698659785621,0.283847388801497,0.925105439811344,9362.87268702975,4.29902e-05,65481090.2533626,1e-04,1,0.114611148834229,173.129104137421,"3_102_1",3,102,1,1516,FALSE,TRUE,7,0.0595866457694636,5,FALSE
"22",1.2706025,0.4524341,0.2783265,0.797165,0.31457778,0.2210104,0.8067675,0.3901194,0.3587143,1.662435,0.5841622,0.3927697,2.708445,0.6240545,0.2181177,2.63831,0.5116632,0.71353,0.6582128,0.936547965848409,0.774507363028638,0.970401051800309,0.0576102763511223,0.570716267021737,0.236130463278891,0.570716267021737,0.418830172186068,52.2620680755039,40351.0437454461,0.000516276,65481090.2533626,1e-04,1,0.105003118515015,173.585473060608,"3_102_5",3,102,5,1520,FALSE,TRUE,7,0.120182636833949,3,FALSE
"23",1.254555,0.4508745,0.2800347,1.687055,0.35780187,0.2097097,0.5919565,0.6180828,0.2559517,0.90925,0.5826278,0.3906022,2.9320925,0.5194668,0.1940268,2.6753375,0.4853369,0.715901,0.6557021,0.937152139187951,0.778883706576095,0.968725595058215,0.0573353454909985,0.570979337106744,0.229221699281832,0.570979337106744,0.410731305344507,0.830354015213545,32874.3093543578,0.000402083,65481090.2533626,1e-04,1,0.105036973953247,174.960110187531,"3_103_2",3,103,2,1532,FALSE,TRUE,5,0.115761314686459,3,FALSE
"24",1.2801,0.4735832,0.1273806,2.4001625,0.5525593,0.2546095,0.5538225,0.8345242,0.3105913,2.3538425,0.5394112,0.3306346,2.3787775,0.971811,0.2102577,2.443175,0.5526377,0.7138535,0.6535256,0.940306700193387,0.779235745446402,0.969382062467852,0.0559318362185022,0.575067802533838,0.240016889792047,0.575067802533838,0.343815076763844,0.90049301500558,18581.7406005861,0.000183791,65481090.2533626,1e-04,1,0.112324953079224,176.899870157242,"3_104_4",3,104,4,1549,FALSE,TRUE,4,0.0863350656442339,5,FALSE
"25",1.30112,0.750345,0.2966694,1.1532825,0.4245657,0.2465014,0.52673175,0.9721099,0.2684473,1.4713025,0.7386221,0.3842437,2.91026,0.4785434,0.2017188,2.3841625,0.621496,0.7035695,0.65723,0.937088096489555,0.77342722170995,0.973175075489693,0.057364550743475,0.57208153944667,0.224793181580717,0.57208153944667,0.387204072653542,0.824807082380546,35477.6426245588,0.000441844,65481090.2533626,1e-04,1,0.100919008255005,177.116255044937,"3_104_6",3,104,6,1551,FALSE,TRUE,5,0.105350018754548,3,FALSE
"26",1.249685,0.3087437,0.1080987,2.04511,0.617506,0.285493,0.52688,0.5926063,0.356248,1.7478375,0.9133442,0.3771475,2.6563225,0.5318603,0.1972332,2.52669,0.5913022,0.707187,0.6560666,0.936632456425577,0.770369865836066,0.972955641783875,0.0575719076289646,0.57592841799768,0.225710737463392,0.57592841799768,0.3531268640956,0.811383495767087,41934.9383944598,0.000540467,65481090.2533626,1e-04,1,0.10341215133667,177.565605163574,"3_104_10",3,104,10,1555,FALSE,TRUE,5,0.0903174475093972,2,FALSE
"27",1.3796025,0.36834499,0.2970615,2.3751725,0.4120042,0.1361113,0.519653675,0.8449101,0.11576197,0.53017675,0.8545946,0.3758368,2.38862,0.8096567,0.1859709,2.52969,0.5621899,0.711366,0.6557624,0.929937007003965,0.780748944682297,0.950616284213176,0.0605370880563856,0.568565973721627,0.288040185835363,0.568565973721627,0.531709596412718,0.705401081699908,77258.6503049561,0.00107997,65481090.2533626,1e-04,1,0.112404823303223,177.790352106094,"3_104_12",3,104,12,1557,FALSE,TRUE,4,0.169587285550688,1,FALSE
"28",1.2689575,0.6670786,0.1162245,2.663805,0.5659083,0.1902583,0.5767665,0.4597099,0.315973,2.5169575,0.8543685,0.3891883,2.29786,0.6851092,0.245577,2.867795,0.5298709,0.7141715,0.6569342,0.940005748372316,0.768618326066362,0.976493194456681,0.0560185681559224,0.578120737425343,0.210431469119989,0.578120737425343,0.328486580472899,0.889679636287207,24537.3704285772,0.000274752,65481090.2533626,1e-04,1,0.1039719581604,178.507785081863,"3_105_3",3,105,3,1563,FALSE,TRUE,4,0.0793491758736857,5,FALSE
"29",1.26653,0.3981967,0.2392866,0.9905075,0.34867212,0.1706221,0.54955375,0.8076603,0.2510587,1.42917,0.9896624,0.3985099,2.5451875,0.7714997,0.1879116,2.66585,0.4989456,0.7145385,0.6571013,0.937599706949685,0.775183186215085,0.968441586319252,0.0571308253848551,0.569860379391215,0.243821198805749,0.569860379391215,0.412628087771846,0.832975026681175,34658.4251532488,0.000429332,65481090.2533626,1e-04,1,0.10044002532959,179.399819135666,"3_105_11",3,105,11,1571,FALSE,TRUE,4,0.116700811289286,3,FALSE
"30",1.3796025,0.36834499,0.2970615,2.3751725,0.4120042,0.1361113,0.519653675,0.8449101,0.11576197,0.53017675,0.9111658,0.3770032,2.28249,0.9606068,0.1859709,2.52969,0.5621899,0.711366,0.6557624,0.929944711916312,0.780821019348677,0.948131128321565,0.0605337592963546,0.56847251334774,0.295198808722428,0.56847251334774,0.532027568357698,0.705753696438452,77258.6503049561,0.00107997,65481090.2533626,1e-04,1,0.102022886276245,181.231053113937,"3_106_12",3,106,12,1587,FALSE,TRUE,4,0.169799707426235,1,FALSE
"31",1.292895,0.7879476,0.248733,2.2660075,0.5709875,0.1796536,0.5567995,0.4190938,0.3970144,2.5080575,0.7880939,0.3864784,2.6172425,0.30815682,0.1917576,2.6374225,0.4864653,0.714585,0.6502664,0.934733554369713,0.771554133021653,0.971356262653726,0.0584845650894479,0.584987151699534,0.232149995067396,0.584987151699534,0.31806751699109,0.803104612223503,53831.269854833,0.000722161,65481090.2533626,1e-04,1,0.0998709201812744,181.455962181091,"3_106_14",3,106,14,1589,FALSE,TRUE,6,0.0749139527823362,2,FALSE
"32",1.2753725,0.4848098,0.2140572,1.3870675,0.412903,0.1830244,0.60065475,0.8765235,0.3591895,1.332145,0.8606342,0.3852184,2.6111525,0.7795231,0.2451093,2.7492075,0.5935016,0.705467,0.6563699,0.934178578153182,0.77371258993579,0.962164686419477,0.0586760423825979,0.571721157824232,0.266970053635969,0.571721157824232,0.411513526142811,0.776044311225997,55294.8222953854,0.000744514,65481090.2533626,1e-04,1,0.10263991355896,181.716609239578,"3_107_1",3,107,1,1591,FALSE,TRUE,6,0.116433121379156,3,FALSE
"33",1.27887,0.6243415,0.0909189,2.3783625,0.4828281,0.1455139,0.72790925,0.4785756,0.3913534,2.072705,0.4571983,0.3791353,2.488235,0.5808946,0.1972767,2.8166225,0.5526377,0.7138535,0.6535256,0.939451433310485,0.774655665480748,0.975623429173569,0.056331098086018,0.581002494300325,0.214160880142486,0.581002494300325,0.320959257817432,0.906376190398352,18581.7406005861,0.000183791,65481090.2533626,1e-04,1,0.100178003311157,183.756463050842,"3_108_4",3,108,4,1609,FALSE,TRUE,6,0.0760463215925094,5,FALSE
"34",1.2300625,0.32422301,0.1261779,1.122035,0.4876588,0.2785174,0.621745,0.7628134,0.3826339,1.1599675,0.9167014,0.3874858,2.569885,0.4997758,0.2119692,2.573645,0.5508751,0.7183115,0.6575813,0.937164303892676,0.768759538921381,0.975084590745298,0.0573297963657571,0.577944296183742,0.21664461197399,0.577944296183742,0.366276114455346,0.826465795046269,35317.2299963052,0.000439394,65481090.2533626,1e-04,1,0.101541042327881,184.98573923111,"3_108_15",3,108,15,1620,FALSE,TRUE,7,0.0960658998036424,3,TRUE
"35",1.2753725,0.4848098,0.2140572,1.3870675,0.412903,0.1830244,0.60065475,0.8765235,0.3591895,1.332145,0.8606342,0.3852184,2.6111525,0.7795231,0.2216145,2.91643,0.5935016,0.705467,0.6563699,0.934105084344601,0.773779092168205,0.961264357550598,0.058708791012384,0.571637141821896,0.270127787531416,0.571637141821896,0.412391923982039,0.774706442173803,55294.8222953854,0.000744514,65481090.2533626,1e-04,1,0.105406045913696,185.142307043076,"3_109_1",3,109,1,1621,FALSE,TRUE,7,0.116855948570467,3,FALSE
"36",1.254555,0.4508745,0.2800347,1.687055,0.35780187,0.2097097,0.5919565,0.6180828,0.2559517,0.9197625,0.5826278,0.3906022,2.9320925,0.5194668,0.1940268,2.6753375,0.4853369,0.715901,0.6557021,0.93715960325879,0.778878017477003,0.968738335234106,0.0573319406989978,0.570986682420569,0.229175005791675,0.570986682420569,0.410663217150361,0.830511878243336,32874.3093543578,0.000402083,65481090.2533626,1e-04,1,0.0999150276184082,185.247851133347,"3_109_2",3,109,2,1622,FALSE,TRUE,5,0.115730979949436,3,FALSE
"37",1.26653,0.3981967,0.2392866,1.4449075,0.3881944,0.2081188,0.5735545,0.7978295,0.2357365,0.9173825,0.7579169,0.3811858,2.3894775,0.9540856,0.1879116,2.66585,0.4989456,0.7145385,0.6571013,0.937015407215721,0.77576395737269,0.965365748844955,0.0573976810697143,0.569123840862108,0.255426987202293,0.569123840862108,0.427506448541547,0.823659580992404,34658.4251532488,0.000429332,65481090.2533626,1e-04,1,0.108340978622437,186.458190202713,"3_109_11",3,109,11,1631,FALSE,TRUE,2,0.123359974677045,3,FALSE
"38",1.280755,0.6763312,0.1399521,2.19538,0.6778369,0.3818542,0.502243105,0.3876876,0.3491413,2.4711575,0.8588079,0.389887,2.687015,0.7267403,0.1902327,2.3887325,0.5546873,0.716755,0.6555362,0.935397265149412,0.773622171921574,0.961313433714655,0.0581303095479038,0.577732718773961,0.25494194365111,0.577732718773961,0.358183128692362,0.7926492892121,55479.5914533167,0.000747336,65481090.2533626,1e-04,1,0.10138988494873,186.892475128174,"3_109_15",3,109,15,1635,FALSE,TRUE,6,0.092825609744643,2,FALSE
"39",1.279555,0.7761463,0.2704263,1.921575,0.7047939,0.1568596,0.52673175,0.9721099,0.2684473,1.4713025,0.7514454,0.3829948,2.8768875,0.6397184,0.2184789,2.3429925,0.7019386,0.704282,0.655358,0.934535221214882,0.77944576095022,0.958989518832255,0.0585168629962957,0.570253190639366,0.262487503644484,0.570253190639366,0.423646658222117,0.775202410531297,52277.6899188321,0.000698433,65481090.2533626,1e-04,1,0.108897924423218,187.59054517746,"3_110_6",3,110,6,1641,FALSE,TRUE,7,0.121727450444275,3,FALSE
"40",1.24441,0.305438062,0.2154069,1.173325,0.31906639,0.2741428,0.57086,0.6113971,0.2106103,1.5778475,0.5831738,0.399967,2.9814475,0.5389009,0.1794672,2.324545,0.6212027,0.713201,0.6582227,0.939443499768984,0.773367732252123,0.973920606599865,0.0562804508442831,0.572156638024776,0.221647390516169,0.572156638024776,0.394088002599335,0.868488192831726,20874.9209646494,0.000218815,65481090.2533626,1e-04,1,0.109040975570679,188.137159109116,"3_110_11",3,110,11,1646,FALSE,TRUE,6,0.10837127007459,3,FALSE
"41",1.3994375,0.4359008,0.2472399,2.5793925,0.34209653,0.1819264,0.52539675,0.8449101,0.11576197,0.53017675,0.8545946,0.3758368,2.38862,0.8096567,0.1825017,2.386995,0.5785552,0.699859,0.655094,0.931531813126688,0.779877862364503,0.952094348618086,0.0598441354878701,0.569694307669136,0.283696890089981,0.569694307669136,0.524282787695922,0.715632170015839,67243.991711269,0.000927015,65481090.2533626,1e-04,1,0.101032018661499,188.244181156158,"3_110_12",3,110,12,1647,FALSE,TRUE,7,0.166272988940612,1,FALSE
"42",1.292895,0.7879476,0.248733,2.2660075,0.5709875,0.1796536,0.5567995,0.4190938,0.3970144,2.5080575,0.4402961,0.3937636,2.9102925,0.619991,0.2061045,2.526095,0.5603503,0.72059,0.651647,0.933017823194797,0.779530780035811,0.959887159182177,0.0592483025408935,0.57468340693206,0.27472333341425,0.57468340693206,0.365292766233027,0.778511093704462,59569.4587283627,0.000809801,65481090.2533626,1e-04,1,0.107268095016479,188.463791131973,"3_110_14",3,110,14,1649,FALSE,TRUE,4,0.0962169098786295,2,FALSE
"43",1.2300625,0.32422301,0.1261779,1.122035,0.4876588,0.2785174,0.621745,0.7628134,0.3826339,1.1599675,0.8601533,0.3848527,2.4533475,0.9216364,0.2119692,2.573645,0.5508751,0.7183115,0.6575813,0.937327718684714,0.772264183787328,0.967478792751575,0.057255199947013,0.5735479575923,0.247512541377963,0.5735479575923,0.374891036749721,0.83210316860747,35317.2299963052,0.000439394,65481090.2533626,1e-04,1,0.0997560024261475,188.56906414032,"3_110_15",3,110,15,1650,FALSE,TRUE,4,0.100099628648078,3,FALSE
"44",1.2753725,0.4848098,0.2140572,1.3870675,0.412903,0.1830244,0.60065475,0.8765235,0.3591895,1.332145,0.8606342,0.3852184,2.6111525,0.7795231,0.2216145,2.819025,0.6332896,0.705467,0.6563699,0.934054430950868,0.773853591783375,0.960935806694709,0.0587313513890619,0.571543007609765,0.271270963570263,0.571543007609765,0.413146262658945,0.773391039266867,55294.8222953854,0.000744514,65481090.2533626,1e-04,1,0.109694004058838,188.717541217804,"3_111_1",3,111,1,1651,FALSE,TRUE,7,0.117201286800847,3,FALSE
"45",1.196875,0.4576799,0.2304321,1.46637,0.32810584,0.11832376,0.518129325,0.8002907,0.3530551,0.9910925,0.5079833,0.3977608,2.14289,0.5060779,0.2109969,2.4170325,0.5154586,0.713782,0.655904,0.935116956349391,0.773160706495905,0.96976826605863,0.0582562856413226,0.578321265694304,0.225368248045922,0.578321265694304,0.359137690332129,0.795962065288063,44773.8490672961,0.000583826,65481090.2533626,1e-04,1,0.101356983184814,188.930631160736,"3_111_3",3,111,3,1653,FALSE,TRUE,7,0.092967168550204,2,FALSE
"46",1.203415,0.34251807,0.2618109,0.9589825,0.304111863,0.2473084,0.56253725,0.8456927,0.3387991,1.03923,0.5193254,0.395296,2.4796525,0.597129,0.1811739,2.4714975,0.4865731,0.7241775,0.6593831,0.939477409782057,0.769093360634795,0.975508625821212,0.0562646908675298,0.577526981597442,0.214793164595036,0.577526981597442,0.336416846184832,0.857963752102781,20212.0566999801,0.000208691,65481090.2533626,1e-04,1,0.106843948364258,189.043221235275,"3_111_4",3,111,4,1654,FALSE,TRUE,3,0.0828733807853081,2,FALSE
"47",1.26653,0.5433319,0.278292,0.9638275,0.3707476,0.2180482,0.51582455,0.7685317,0.3098341,2.3608375,0.7579169,0.3811858,2.3894775,0.9540856,0.1879116,2.66585,0.4989456,0.7145385,0.6571013,0.93832205253117,0.774097670014741,0.968654070519966,0.0567991897169956,0.571234493164318,0.242998982984914,0.571234493164318,0.36662927410129,0.841823710115295,34658.4251532488,0.000429332,65481090.2533626,1e-04,1,0.107939958572388,189.810435056686,"3_111_11",3,111,11,1661,FALSE,TRUE,3,0.0964155444433531,2,FALSE
"48",1.27887,0.6243415,0.0909189,2.3783625,0.4828281,0.1782895,0.51896295,0.7898523,0.1977607,1.5646925,0.6197544,0.3306346,2.3787775,0.971811,0.2102577,2.443175,0.5526377,0.7138535,0.6555086,0.940150966160823,0.776048402314067,0.967755554626692,0.0559507298129689,0.5746284202891,0.232749445916433,0.5746284202891,0.378756292536081,0.900682135910934,18581.7406005861,0.000183791,65481090.2533626,1e-04,1,0.11493182182312,190.761639118195,"3_112_4",3,112,4,1669,FALSE,TRUE,5,0.10167539881845,5,FALSE
"49",1.260755,0.49201,0.1113924,1.218145,0.3840147,0.370723,0.5025992,0.7881933,0.1948366,1.6343025,0.534745,0.3813226,2.591495,0.9083217,0.1914966,2.6753375,0.4853369,0.715901,0.6557021,0.93751705977154,0.778705155776428,0.96023137545596,0.0571686468346558,0.571209822710301,0.258482702360743,0.571209822710301,0.412028448541364,21.256297691833,32874.3093543578,0.000402083,65481090.2533626,1e-04,1,0.105103015899658,192.305156230927,"3_113_2",3,113,2,1682,FALSE,TRUE,6,0.116701571230234,3,FALSE
"50",1.203415,0.34251807,0.2618109,0.9589825,0.304111863,0.2473084,0.56253725,0.8456927,0.3387991,1.03923,0.8237498,0.3905029,2.9045175,0.4211686,0.181005,2.65501,0.5282686,0.7241775,0.6593831,0.93938322207431,0.768606402095119,0.977111972576525,0.0563084545435548,0.578135633605582,0.207643366978005,0.578135633605582,0.317479065879285,3.25615376193617,20212.0566999801,0.000208691,65481090.2533626,1e-04,1,0.114771842956543,192.534073114395,"3_113_4",3,113,4,1684,FALSE,TRUE,4,0.0744787691599543,5,FALSE
"51",1.3133875,0.5586605,0.2286195,1.148865,0.32161642,0.339589,0.52179275,0.975542,0.2753077,2.644375,0.9563543,0.3811858,2.3894775,0.9540856,0.1879116,2.66585,0.4989456,0.7145385,0.6571013,0.938960390604404,0.772911904487104,0.969426730352278,0.0565045026657633,0.572731741199594,0.239985401035054,0.572731741199594,0.391135586012615,26.5019303694007,34658.4251532488,0.000429332,65481090.2533626,1e-04,1,0.106323003768921,193.321188211441,"3_113_11",3,113,11,1691,FALSE,TRUE,6,0.107417645964221,2,FALSE
"52",1.2825375,0.8664288,0.2769588,1.092865,0.6418338,0.3619303,0.539362,0.6778558,0.3538564,2.86248,0.4803235,0.3883939,2.528465,0.4352582,0.167022,2.27616,0.6352083,0.7142635,0.651113,0.936959999439618,0.778946214639818,0.975182528473857,0.0574783626152822,0.575444777714811,0.216088972055443,0.575444777714811,0.317386070967304,43.3538942419033,33328.5717277552,0.000409021,65481090.2533626,1e-04,1,0.102924823760986,193.546800136566,"3_113_13",3,113,13,1693,FALSE,TRUE,2,0.0753607968242395,2,FALSE
"53",1.300045,0.6462431,0.2430912,1.92938,0.5129617,0.3625771,0.66689125,0.7187547,0.2288275,0.9056325,0.9785408,0.3803065,2.81562,0.8324942,0.1869429,2.91388,0.595603,0.7157415,0.6501929,0.935216686656449,0.785348430375213,0.945460684592443,0.0582676981648465,0.567050462857201,0.32033816136028,0.567050462857201,0.476192685086558,0.801410894837717,43484.8517561005,0.000564139,65481090.2533626,1e-04,1,0.106299877166748,193.922332048416,"3_114_1",3,114,1,1696,FALSE,TRUE,2,0.14556620278409,3,FALSE
"54",1.2066825,0.6338699,0.1110246,1.05013,0.35002193,0.1782895,0.51896295,0.7898523,0.1977607,1.5646925,0.6197544,0.3306346,2.3787775,0.971811,0.2102577,2.443175,0.5526377,0.7138535,0.6555086,0.940158812957275,0.776230235593745,0.967934545826796,0.0559470618474954,0.574395093559291,0.23210254258571,0.574395093559291,0.379636646463855,0.894998132220299,18581.7406005861,0.000183791,65481090.2533626,1e-04,1,0.112364053726196,194.268773078918,"3_114_4",3,114,4,1699,FALSE,TRUE,5,0.102058994525153,5,FALSE
"55",1.2734175,0.7843559,0.2203404,1.415245,0.5709875,0.1422919,0.543596,0.580707,0.2960482,2.1330575,0.9547604,0.3839569,2.80871,0.5215017,0.1954338,2.4843175,0.5424261,0.712416,0.6511505,0.938522163244639,0.779485502114455,0.973105041983774,0.0567617233210129,0.57474241547367,0.22495169647225,0.57474241547367,0.371514912489172,0.859462528295204,30737.9405187302,0.000369454,65481090.2533626,1e-04,1,0.113126993179321,195.403607130051,"3_114_14",3,114,14,1709,FALSE,TRUE,5,0.0984263503318767,2,FALSE
"56",1.2300625,0.575702,0.2038644,2.9827325,0.4609902,0.3476524,0.534062,0.909749,0.3020758,0.899935,0.87386,0.3874858,2.569885,0.4997758,0.2119692,2.573645,0.5508751,0.7183115,0.6575813,0.93665139336829,0.77100540069593,0.973875954637975,0.0575633045072429,0.575130882878788,0.221837056702222,0.575130882878788,0.373570635932078,0.826857641709263,35317.2299963052,0.000439394,65481090.2533626,1e-04,1,0.102869033813477,195.512286186218,"3_114_15",3,114,15,1710,FALSE,TRUE,6,0.0993146836400398,3,FALSE
"57",1.203415,0.34251807,0.2618109,0.9589825,0.304111863,0.2473084,0.5479335,0.6037034,0.2395633,2.4860025,0.3098245,0.3936175,2.4796525,0.597129,0.1811739,2.4714975,0.4865731,0.7241775,0.6593831,0.939198453890208,0.76950301370639,0.974868605889401,0.0563942071610759,0.577014456864809,0.217581602117866,0.577014456864809,0.364774505750077,3.49123321572552,20212.0566999801,0.000208691,65481090.2533626,1e-04,1,0.115273952484131,196.015154123306,"3_115_4",3,115,4,1714,FALSE,TRUE,6,0.0954111073444628,2,FALSE
"58",1.300045,0.6462431,0.2430912,1.92938,0.5129617,0.3113662,0.58898575,0.35449836,0.3424129,2.218595,0.83312,0.3835558,2.16693,0.8549747,0.2823114,2.91388,0.595603,0.7157415,0.6501929,0.935843734628312,0.780981694458192,0.967166032821123,0.057985021333914,0.572789281260201,0.248551001423206,0.572789281260201,0.379720851338694,0.819286447396447,43484.8517561005,0.000564139,65481090.2533626,1e-04,1,0.107818126678467,197.384994268417,"3_116_1",3,116,1,1726,FALSE,TRUE,5,0.102237671291932,2,FALSE
"59",1.2360525,0.5475249,0.2393631,0.518867175,0.4828281,0.2923507,0.512654425,0.4062502,0.3334225,2.530585,0.5083809,0.3886879,2.546895,0.6977589,0.1833759,2.3200175,0.6089667,0.7095825,0.6548813,0.938870888104707,0.778876514150107,0.968616806718878,0.056545913822884,0.57098862338132,0.229620028204313,0.57098862338132,0.300335068099009,35.2822445985127,25255.2987831899,0.000285717,65481090.2533626,1e-04,1,0.113185882568359,197.729432106018,"3_116_4",3,116,4,1729,FALSE,TRUE,1,0.0677215300775026,2,FALSE
"60",1.1633,0.4742741,0.2641233,0.8897875,0.4186332,0.3834301,0.56562275,0.4791461,0.2122756,1.662435,0.5841622,0.3927697,2.999575,0.5254994,0.2313807,2.5782475,0.5188781,0.7160235,0.6582734,0.939681133092913,0.773208636768579,0.97483517473772,0.0561699155846856,0.572357429307066,0.2177262734809,0.572357429307066,0.376804643391165,16.59488121992,19681.3855359003,0.000200586,65481090.2533626,1e-04,1,0.099329948425293,197.83477306366,"3_116_5",3,116,5,1730,FALSE,TRUE,4,0.100812090125754,5,FALSE
"61",1.365285,0.378785,0.2940291,1.932395,0.4965432,0.11538058,0.609648,0.8028079,0.3826339,1.1599675,0.9167014,0.3829549,2.54718,0.8822607,0.1885881,2.7875575,0.478444,0.7033135,0.6550904,0.934278535484224,0.779292157072671,0.955653205218137,0.0586314723260237,0.570451731043781,0.272955794503634,0.570451731043781,0.407064047805139,0.777523040034322,56278.577291104,0.000759539,65481090.2533626,1e-04,1,0.109534978866577,198.946245193481,"3_116_15",3,116,15,1740,FALSE,TRUE,3,0.114546014910105,1,FALSE
"62",1.26653,0.5433319,0.278292,0.9638275,0.3707476,0.2180482,0.51582455,0.7685317,0.3098341,2.3608375,0.7579169,0.3811858,2.3894775,0.9540856,0.1879116,2.0117675,0.7091465,0.7145385,0.6571013,0.938263782184673,0.774450662365506,0.967855806106525,0.0568260139488092,0.570788016497111,0.246073671656071,0.570788016497111,0.376233838406713,0.83672382432856,34658.4251532488,0.000429332,65481090.2533626,1e-04,1,0.0994012355804443,200.195608139038,"3_117_11",3,117,11,1751,FALSE,TRUE,3,0.100677121031645,2,FALSE
"63",1.1774275,0.7898572,0.2791404,0.62235275,0.4828281,0.2923507,0.512654425,0.4062502,0.3334225,2.530585,0.5083809,0.3886879,2.546895,0.596471,0.1666485,2.4881875,0.4013656,0.718602,0.6481718,0.940029871262447,0.777586086510357,0.974130134713677,0.0560613787354852,0.577212398151943,0.220623068701458,0.577212398151943,0.307433165131248,42.9863976321837,19000.2538739727,0.000190183,65481090.2533626,1e-04,1,0.101484060287476,201.120425224304,"3_118_4",3,118,4,1759,FALSE,TRUE,2,0.071040687167474,4,FALSE
"64",1.228135,0.7511185,0.2544534,2.11136,0.5709875,0.1796536,0.5567995,0.4190938,0.3970144,2.5080575,0.7880939,0.3767386,2.4541225,0.30441756,0.178803,2.3771425,0.4856008,0.7149255,0.6559682,0.94215423628557,0.762674697750121,0.974522611352023,0.0547386947005362,0.588658628269725,0.205882830230345,0.588658628269725,0.254655356486317,0.988657562160044,24850.73158728,0.000279538,65481090.2533626,1e-04,1,0.101921081542969,202.233370065689,"3_118_14",3,118,14,1769,FALSE,TRUE,3,0.0467316491172757,4,TRUE
"65",1.26653,0.5433319,0.278292,0.9638275,0.3707476,0.2180482,0.51582455,0.7685317,0.3098341,2.3608375,0.7579169,0.3811858,2.3894775,0.9540856,0.1879116,2.740015,0.4741257,0.7238025,0.6571013,0.943123969349505,0.762130113386613,0.978122366487345,0.0545433519173612,0.58617028857854,0.203008420079847,0.58617028857854,0.270316806110617,0.958392681166577,7389.02475991284,1.28434e-05,65481090.2533626,1e-04,1,0.0995941162109375,203.599801063538,"3_119_11",3,119,11,1781,FALSE,TRUE,6,0.0536277631427039,5,FALSE
"66",1.269865,0.6644613,0.1004499,1.409585,0.5423274,0.167509,0.50848415,0.7683518,0.3865765,2.977745,0.7288949,0.3813829,2.81965,0.34474848,0.1952409,2.316895,0.686295,0.7010075,0.653852,0.938315674372673,0.769485796913251,0.973996365899563,0.0568021264624944,0.582986991178472,0.209015370071451,0.582986991178472,0.270952902314139,0.856471645305049,34963.7329432679,0.000433995,65481090.2533626,1e-04,1,0.107748031616211,203.713426113129,"3_119_12",3,119,12,1782,FALSE,TRUE,4,0.0539442029282415,5,FALSE
"67",1.2360525,0.5475249,0.2393631,0.6955855,0.4456133,0.2076793,0.53659,0.33256036,0.3660355,2.86124,0.4081808,0.3961525,2.51563,0.5187962,0.1789956,2.4086025,0.5250976,0.715501,0.6548813,0.938486567236035,0.774403498825294,0.972721814073382,0.0567233883836425,0.576734855410162,0.214076473894932,0.576734855410162,0.281859447948495,9.49125488510217,25255.2987831899,0.000285717,65481090.2533626,1e-04,1,0.102648019790649,204.533152103424,"3_120_4",3,120,4,1789,FALSE,TRUE,1,0.058841588715709,2,TRUE
"68",1.2749575,0.9868477,0.2876031,1.971915,0.5628528,0.2054923,0.507367425,0.8709298,0.2170621,0.768375,0.7514454,0.3829948,2.8768875,0.6397184,0.2184789,2.281075,0.7870348,0.6979605,0.653933,0.932447246932772,0.780047925996769,0.952816092193872,0.0594427250090191,0.569474195770315,0.281551699714682,0.569474195770315,0.454869276093462,0.738285223416048,60682.0676230214,0.000826794,65481090.2533626,1e-04,1,0.100852012634277,204.756585121155,"3_120_6",3,120,6,1791,FALSE,TRUE,5,0.135680820704724,1,FALSE
"69",1.179,0.495811,0.2471364,0.674089,0.3750302,0.3442156,0.5992475,0.4513211,0.2938618,1.1921375,0.3957579,0.395296,2.4796525,0.597129,0.1811739,2.4714975,0.4865731,0.7069405,0.6593831,0.939333961109797,0.771385226702093,0.9743441725478,0.0563313297735027,0.574653709342824,0.219840089863043,0.574653709342824,0.34373376324893,58.2524542436506,20212.0566999801,0.000208691,65481090.2533626,1e-04,1,0.104089021682739,206.259362220764,"3_121_4",3,121,4,1804,FALSE,TRUE,3,0.0875120138598676,2,FALSE
"70",1.2333975,0.3806904,0.045903,2.7868575,0.8453539,0.1417087,0.5013562875,0.8923575,0.3541165,0.8142,0.4090943,0.3926386,2.1174975,0.8863172,0.1970811,2.716515,0.4411795,0.7226575,0.6521408,0.938051985240853,0.775194791932433,0.971305790532592,0.0569783646521067,0.580307066594466,0.23235443671374,0.580307066594466,0.320809853647516,0.867423757644535,24478.2469170209,0.000273849,65481090.2533626,1e-04,1,0.116123914718628,206.713336229324,"3_121_8",3,121,8,1808,FALSE,TRUE,5,0.0761241310515821,2,FALSE
"71",1.26653,0.5433319,0.278292,0.9638275,0.3707476,0.2180482,0.51582455,0.767894,0.3584158,2.91437,0.8822208,0.393694,2.95284,0.8645787,0.2067261,2.73162,0.5477209,0.7145385,0.6571013,0.938966988331451,0.774860942190612,0.964738327785121,0.056501448817912,0.570268641439112,0.25773021251683,0.570268641439112,0.339448127971825,0.849102213670811,34658.4251532488,0.000429332,65481090.2533626,1e-04,1,0.100779056549072,207.045527219772,"3_121_11",3,121,11,1811,FALSE,TRUE,1,0.0846250567711226,2,FALSE
"72",1.269865,0.6644613,0.1004499,1.409585,0.5423274,0.167509,0.50848415,0.7683518,0.3865765,2.977745,0.852629,0.3797056,2.22495,0.34474848,0.1952409,2.316895,0.686295,0.7010075,0.653852,0.938656123035594,0.768081265799773,0.973412460899556,0.0566451581840974,0.584760374038402,0.211349035858313,0.584760374038402,0.258053335917028,0.867531045668305,34963.7329432679,0.000433995,65481090.2533626,1e-04,1,0.10136890411377,207.152452230453,"3_121_12",3,121,12,1812,FALSE,TRUE,4,0.0482720534271431,5,FALSE
"73",1.316855,0.5158303,0.1206486,2.881355,0.7674719,0.3688369,0.56188775,0.654508,0.3767164,2.64195,0.9008079,0.3875569,2.2516925,0.8206691,0.2131293,2.3887325,0.6263568,0.7128385,0.6594176,0.938260123688665,0.768891076153639,0.972752814247128,0.0568276976822208,0.577779895873599,0.226555550213718,0.577779895873599,0.348857436527023,0.839754443645252,37235.3067084235,0.000468689,65481090.2533626,1e-04,1,0.112562894821167,207.496499061584,"3_121_15",3,121,15,1815,FALSE,TRUE,5,0.0884400470247672,2,FALSE
"74",1.322425,0.4721237,0.2346426,1.7341575,0.6277386,0.182401,0.545592,0.9670216,0.348535,1.56357,0.6816694,0.3854425,2.439865,0.4938251,0.1604994,2.4073875,0.6163566,0.7267025,0.6582254,0.935662192446362,0.769833897945048,0.97346980407816,0.058010994731529,0.576600148719267,0.223554856268131,0.576600148719267,0.373002960890707,0.80546888137325,44083.6164440105,0.000573284,65481090.2533626,1e-04,1,0.101605892181396,208.535035133362,"3_122_9",3,122,9,1824,FALSE,TRUE,6,0.0990743579602219,2,FALSE
"75",1.365285,0.378785,0.2940291,1.932395,0.4965432,0.11538058,0.609648,0.8028079,0.382015,2.4257475,0.9339704,0.3897355,2.82053,0.8822607,0.1885881,2.7875575,0.478444,0.7033135,0.6550904,0.935718112943555,0.778454039258241,0.955114742893656,0.057985778540648,0.571533823824864,0.274607920104693,0.571533823824864,0.409393469998396,0.784789673707045,56278.577291104,0.000759539,65481090.2533626,1e-04,1,0.112730026245117,209.205884218216,"3_122_15",3,122,15,1830,FALSE,TRUE,5,0.115590943568728,2,FALSE
"76",1.254555,0.4508745,0.2800347,1.687055,0.35780187,0.2097097,0.5919565,0.6180828,0.2559517,1.0650275,0.8305965,0.3666238,2.201895,0.9215174,0.1676484,2.5356425,0.4853369,0.715901,0.6557021,0.937501658126435,0.778774827527963,0.965708800958425,0.0571756922534075,0.571119896707099,0.240022821011128,0.571119896707099,0.418248698555511,0.832126706581249,32874.3093543578,0.000402083,65481090.2533626,1e-04,1,0.099794864654541,209.462603092194,"3_123_2",3,123,2,1832,FALSE,TRUE,7,0.119150789429033,3,FALSE
"77",1.179,0.495811,0.2471364,0.674089,0.3750302,0.3442156,0.5133646,0.6969266,0.2422933,2.333955,0.5572934,0.3947038,2.48477,0.7383092,0.1857183,1.9648,0.5235345,0.7069405,0.6593831,0.940405175480146,0.772364923082379,0.973649323232381,0.0558317777474227,0.573421088641825,0.222797219584676,0.573421088641825,0.38064790911487,42.6076247284852,20212.0566999801,0.000208691,65481090.2533626,1e-04,1,0.100651979446411,209.687589168549,"3_123_4",3,123,4,1834,FALSE,TRUE,6,0.103063474483344,4,FALSE
"78",1.2894775,0.5240161,0.2940648,1.4549275,0.34416349,0.1374133,0.687623,0.4158668,0.3491101,1.08082,0.3982989,0.39706,2.8200575,0.560358,0.2110629,2.3451725,0.6120299,0.7100285,0.6578765,0.934752031831128,0.774097655231249,0.968380776765302,0.058419882610275,0.57123451185567,0.244055993923073,0.57123451185567,0.414161300923644,0.786405332003983,47553.3743304075,0.000626278,65481090.2533626,1e-04,1,0.110453844070435,209.803659200668,"3_123_5",3,123,5,1835,FALSE,TRUE,7,0.117378845182692,3,FALSE
"79",1.168755,0.3806904,0.045903,2.7868575,0.8453539,0.1417087,0.5013562875,0.8923575,0.3541165,0.8142,0.4090943,0.3926386,2.1174975,0.8863172,0.1970811,2.716515,0.4411795,0.7226575,0.6485114,0.938060310835692,0.775148305941666,0.971427218958109,0.0569745356777615,0.580367062434332,0.231862275633356,0.580367062434332,0.321666181274428,0.86301450158426,24478.2469170209,0.000273849,65481090.2533626,1e-04,1,0.123283863067627,210.144946098328,"3_123_8",3,123,8,1838,FALSE,TRUE,6,0.0764966085255428,2,FALSE
"80",1.269865,0.6644613,0.1004499,1.409585,0.5423274,0.167509,0.50848415,0.7683518,0.3865765,2.6103925,0.3954352,0.3961165,2.45738,0.33863412,0.1956969,2.316895,0.686295,0.7010075,0.653852,0.936591068722707,0.768106468348676,0.973530725350741,0.0575907057386153,0.584728600295814,0.210878459493949,0.584728600295814,0.255769477616476,0.850598390338389,34963.7329432679,0.000433995,65481090.2533626,1e-04,1,0.101977109909058,210.585369110107,"3_123_12",3,123,12,1842,FALSE,TRUE,3,0.0472610905475019,5,FALSE
"81",1.233255,0.9218681,0.2799996,1.0260075,0.5826271,0.3034102,0.5082054,0.7584496,0.3574657,2.568565,0.5356802,0.3904597,2.9586875,0.445166,0.1859952,2.56514,0.6695608,0.7136365,0.6517649,0.941401768818752,0.770293689916167,0.978371272616615,0.0554164290575282,0.586598756149127,0.201729457563466,0.586598756149127,0.188516383521013,0.963158047936924,7635.11082656233,1.66019e-05,65481090.2533626,1e-04,1,0.111798048019409,210.702739238739,"3_123_13",3,123,13,1843,FALSE,TRUE,1,0.0175496981786858,5,FALSE
"82",1.285955,0.4470721,0.2464428,1.4750825,0.7296432,0.3032305,0.707902,0.6112592,0.102860692,0.884495,0.7689832,0.3700219,2.8645325,0.814906,0.1579629,2.6086525,0.4582945,0.72464,0.65969,0.933703190320974,0.777382179265635,0.955398349439982,0.058887551734512,0.567066552844195,0.289860705736346,0.567066552844195,0.548254796653388,0.759326036472203,57824.7586038425,0.000783154,65481090.2533626,1e-04,1,0.0993168354034424,212.214492082596,"3_124_11",3,124,11,1856,FALSE,TRUE,3,0.176894939033008,1,FALSE
"83",1.365285,0.378785,0.2940291,1.932395,0.4965432,0.1429021,0.56667975,0.845734,0.3863431,0.8837375,0.8202092,0.3890698,2.4028675,0.862002,0.1717362,2.6330525,0.5228569,0.7053705,0.655094,0.941406930411456,0.76925390154646,0.972646345408766,0.0553605389077216,0.583280157493027,0.214372404618086,0.583280157493027,0.261363208460349,0.921898432784259,10001.0072171311,5.27365e-05,65481090.2533626,1e-04,1,0.115725040435791,212.680005073547,"3_124_15",3,124,15,1860,FALSE,TRUE,3,0.0497577769832503,5,FALSE
"84",1.2912625,0.9712167,0.2471364,0.674089,0.3750302,0.3442156,0.5133646,0.6969266,0.3682762,2.2330125,0.749722,0.3920494,2.7646925,0.4481473,0.1978512,2.528225,0.4246203,0.717778,0.6548486,0.942297749051795,0.767795092603527,0.975962597740269,0.0549380906265743,0.585121041655576,0.200957845457728,0.585121041655576,0.26322369649072,36.1086235100574,12496.2092809807,9.0846e-05,65481090.2533626,1e-04,1,0.100887060165405,213.176056146622,"3_125_4",3,125,4,1864,FALSE,TRUE,5,0.0513787484772771,4,FALSE
"85",1.3903475,0.36042344,0.2940648,1.4549275,0.34416349,0.1374133,0.687623,0.4158668,0.3491101,1.08082,0.3982989,0.39706,2.8200575,0.560358,0.2110629,2.3451725,0.6120299,0.7100285,0.6578765,0.9347938441687,0.775035030073074,0.968402167679801,0.0584011612356782,0.570048119820226,0.243973426047975,0.570048119820226,0.416327457276004,0.788098994132298,47553.3743304075,0.000626278,65481090.2533626,1e-04,1,0.120902061462402,213.302816152573,"3_125_5",3,125,5,1865,FALSE,TRUE,5,0.118333502114538,3,FALSE
"86",1.28936,0.31848098,0.0789,2.64037,0.7619398,0.2436607,0.54480675,0.6265668,0.3546346,1.3760675,0.6172925,0.3681514,1.8992675,0.7249497,0.1997529,2.245955,0.6970729,0.711763,0.6521408,0.938123590345099,0.77536179984051,0.975887404880258,0.0569454247634787,0.580091471332085,0.212998141642776,0.580091471332085,0.314957889735089,0.8630198891945,24478.2469170209,0.000273849,65481090.2533626,1e-04,1,0.113647937774658,213.638278245926,"3_125_8",3,125,8,1868,FALSE,TRUE,4,0.073390389110732,5,FALSE
"87",1.269865,0.5727277,0.2037609,1.4712775,0.5423274,0.167509,0.50848415,0.7683518,0.3865765,2.6103925,0.3954352,0.3961165,2.45738,0.33863412,0.1956969,2.316895,0.686295,0.7010075,0.653852,0.936548743596032,0.769789450526226,0.972981560321708,0.0576099232781798,0.582602883733373,0.213054804678159,0.582602883733373,0.264063559122784,0.838384922690059,34963.7329432679,0.000433995,65481090.2533626,1e-04,1,0.100234985351562,214.089087247849,"3_125_12",3,125,12,1872,FALSE,TRUE,3,0.0509364353109168,5,FALSE
"88",1.241405,0.8821837,0.2905233,1.18324,0.8019147,0.3540382,0.545833,0.7243841,0.2270488,2.568565,0.5356802,0.3904597,2.9586875,0.445166,0.1859952,2.56514,0.6695608,0.7136365,0.6531083,0.937706649147684,0.780925540350735,0.974127132326953,0.0571369600455343,0.572862705281477,0.220635870788894,0.572862705281477,0.382101990702895,0.855375315595522,28429.9629081423,0.000334204,65481090.2533626,1e-04,1,0.113303899765015,214.208287239075,"3_125_13",3,125,13,1873,FALSE,TRUE,6,0.103074133529258,5,FALSE
"89",1.26831,0.34292666,0.1944759,1.2331275,0.35640467,0.3178153,0.57183225,0.34602577,0.1728283,1.6562225,0.4919211,0.3954292,2.867035,0.7574675,0.189183,2.7069125,0.5671466,0.717204,0.6580655,0.93479088143609,0.778432170839243,0.958830648434889,0.0584024879897037,0.56572766892331,0.278484413544662,0.56572766892331,0.458155226127691,31.092403332205,47995.9822353032,0.000633038,65481090.2533626,1e-04,1,0.100531101226807,214.314762115479,"3_125_14",3,125,14,1874,FALSE,TRUE,1,0.137337531313018,3,FALSE
"90",1.179,0.495811,0.2471364,0.674089,0.3750302,0.3442156,0.5133646,0.6969266,0.2422933,2.5486125,0.8369721,0.3990925,2.913345,0.9184248,0.1319136,2.9394075,0.3786884,0.7195735,0.6593831,0.941304096570889,0.770993051849507,0.970408619264645,0.0554090979029424,0.575146390028783,0.236100276005422,0.575146390028783,0.375542411675626,27.2470748323054,20212.0566999801,0.000208691,65481090.2533626,1e-04,1,0.102893114089966,216.710805177689,"3_127_4",3,127,4,1894,FALSE,TRUE,7,0.100539293612208,4,FALSE
"91",1.3903475,0.36042344,0.2940648,1.4549275,0.34416349,0.1374133,0.687623,0.4158668,0.3491101,1.08082,0.3982989,0.39706,2.8200575,0.560358,0.2110629,2.3451725,0.6120299,0.7100285,0.6578765,0.9347938441687,0.775035030073074,0.968402167679801,0.0584011612356782,0.570048119820226,0.243973426047975,0.570048119820226,0.416327457276004,0.788098994132298,47553.3743304075,0.000626278,65481090.2533626,1e-04,1,0.114171981811523,216.830549240112,"3_127_5",3,127,5,1895,FALSE,TRUE,5,0.118333502114538,NA,NA
"92",1.2407225,0.7070101,0.285798,0.53379375,0.4421147,0.12993922,0.5123693,0.767894,0.3584158,2.91437,0.8822208,0.393694,2.95284,0.8645787,0.198576,2.49297,0.5140824,0.713176,0.654554,0.942361727063164,0.773889000949125,0.969127777473937,0.0549076255706532,0.577392134819508,0.227743058188847,0.577392134819508,0.291497831165306,0.916708855716222,16465.8652966497,0.000151475,65481090.2533626,1e-04,1,0.100347995758057,217.497671127319,"3_127_11",3,127,11,1901,FALSE,TRUE,2,0.0631662592897449,5,FALSE
"93",1.269865,0.5727277,0.2037609,1.4712775,0.5423274,0.167509,0.50848415,0.7209135,0.3967165,2.7771275,0.6615052,0.3972652,2.8232725,0.3941941,0.1846323,2.831225,0.6226069,0.7091555,0.653852,0.942288579285607,0.764452225935654,0.977381884471784,0.0549424557026762,0.589317749204241,0.194934814529968,0.589317749204241,0.149049514280521,0.959861003219878,8614.94389720655,3.1567e-05,65481090.2533626,1e-04,1,0.100682973861694,217.604145050049,"3_127_12",3,127,12,1902,FALSE,TRUE,1,0.00109765557980914,5,TRUE
"94",1.25839,0.6954762,0.2905233,1.18324,0.8019147,0.3540382,0.545833,0.7243841,0.2270488,2.568565,0.5356802,0.3904597,2.9586875,0.445166,0.1859952,2.56514,0.6695608,0.7136365,0.6531083,0.937709300427055,0.781217433795191,0.974162078092386,0.0571357441239849,0.57248093872443,0.220486817062759,0.57248093872443,0.383475471588364,0.853748793869767,28429.9629081423,0.000334204,65481090.2533626,1e-04,1,0.116194009780884,217.725892066956,"3_127_13",3,127,13,1903,FALSE,TRUE,5,0.103679703138572,5,FALSE
"95",1.3198975,0.9514851,0.2817354,1.5679025,0.556823,0.3399406,0.59544025,0.7403525,0.3660355,2.86124,0.4081808,0.3795367,2.884545,0.5499637,0.1943496,2.445935,0.7295249,0.705381,0.6526214,0.937121516311778,0.780891200467762,0.969146364475904,0.0574046817822473,0.572907601586262,0.240938948039481,0.572907601586262,0.347017566323637,0.849171987546252,30728.9050319143,0.000369316,65481090.2533626,1e-04,1,0.100478172302246,218.440429210663,"3_128_4",3,128,4,1909,FALSE,TRUE,2,0.0877550458173914,5,FALSE
"96",1.365285,0.378785,0.2940291,1.932395,0.4965432,0.11538058,0.609648,0.8028079,0.3826339,1.1599675,0.9167014,0.3962773,2.54718,0.8822607,0.1885881,2.7875575,0.478444,0.7033135,0.6550904,0.934240149241121,0.779217822969267,0.955666317648749,0.0586485924056428,0.570547786642887,0.2729154378269,0.570547786642887,0.407112029749462,0.777259042333674,56278.577291104,0.000759539,65481090.2533626,1e-04,1,0.113373041152954,219.678193092346,"3_128_15",3,128,15,1920,FALSE,TRUE,4,0.114566621311566,1,FALSE
"97",1.2794025,0.445677,0.2459145,1.30897,0.4161839,0.3060322,0.65551,0.9997557,0.2122033,1.492255,0.954199,0.3880672,2.7413725,0.9058311,0.1682691,2.846125,0.4622425,0.7207965,0.6546584,0.938880178159796,0.77963051584811,0.962439902465532,0.0565416168962781,0.570014294430189,0.251202846251555,0.570014294430189,0.452600580387369,0.851594122643849,28933.4621372323,0.000341894,65481090.2533626,1e-04,1,0.102646112442017,219.832090139389,"3_129_1",3,129,1,1921,FALSE,TRUE,5,0.134388288058904,3,FALSE
"98",1.230155,0.6349416,0.2268216,0.7670325,0.4697773,0.3850423,0.512095175,0.7040218,0.1834069,2.36362,0.5057202,0.3811471,2.913345,0.9184248,0.1319136,2.9394075,0.3786884,0.7195735,0.6550334,0.940095615852784,0.777481734919736,0.964560297158279,0.0559765963494578,0.572786603248108,0.244009219651377,0.572786603248108,0.394133374486539,34.9888954999543,20212.0566999801,0.000208691,65481090.2533626,1e-04,1,0.100078105926514,220.165326118469,"3_129_4",3,129,4,1924,FALSE,TRUE,7,0.108939724148866,4,FALSE
"99",1.3533075,0.4770013,0.2982768,0.738472,0.35356995,0.2546539,0.67280175,0.4158668,0.3491101,1.08082,0.3982989,0.39706,2.8200575,0.4047158,0.1850757,2.52289,0.5861278,0.717512,0.6550019,0.940522780149326,0.767201308700245,0.975842435355706,0.0557766612135119,0.585868686552208,0.201459510957165,0.585868686552208,0.27317294481525,17.7839738393349,11839.316294555,8.08132e-05,65481090.2533626,1e-04,1,0.114012956619263,220.285027265549,"3_129_5",3,129,5,1925,FALSE,TRUE,6,0.0550761022008584,5,FALSE
"100",1.3691625,0.7746588,0.1727157,2.92357,0.9986623,0.1391866,0.516579425,0.3717283,0.3964909,2.096345,0.8681067,0.3687202,2.0437075,0.3255059,0.2072646,2.6444025,0.3996898,0.716036,0.656633,0.93592131515413,0.760774507109644,0.969212056924568,0.05789405624231,0.587838190369097,0.240826468570956,0.587838190369097,0.301888519170321,0.835576170458173,50865.9278411159,0.000676871,65481090.2533626,1e-04,1,0.105459928512573,220.396438121796,"3_129_6",3,129,6,1926,FALSE,TRUE,7,0.0678932974381372,4,FALSE
"101",1.2097175,0.34869193,0.0399582,2.116645,0.8469009,0.10277545,0.511574175,0.9363679,0.3003349,0.702451,0.6172925,0.3681514,1.8992675,0.7249497,0.1997529,2.245955,0.6970729,0.711763,0.6521408,0.9376773039303,0.774284133302594,0.974928154172505,0.0571504165306307,0.581481255440968,0.217193583920813,0.581481255440968,0.337722352259176,0.851308392228597,24478.2469170209,0.000273849,65481090.2533626,1e-04,1,0.105669975280762,220.622620105743,"3_129_8",3,129,8,1928,FALSE,TRUE,7,0.0834635873636921,5,FALSE
"102",1.3198975,0.9514851,0.2817354,1.5679025,0.556823,0.3399406,0.59544025,0.7403525,0.3660355,2.86124,0.4081808,0.3795367,2.312005,0.5914366,0.1925421,2.0663025,0.7295249,0.705381,0.6526214,0.937295534783628,0.778014348510824,0.973143387019841,0.0573251919826122,0.576656413943793,0.224791278716276,0.576656413943793,0.349241830915313,0.847521183131931,30728.9050319143,0.000369316,65481090.2533626,1e-04,1,0.104702949523926,221.901905059814,"3_130_4",3,130,4,1939,FALSE,TRUE,5,0.0885968691898179,2,FALSE
"103",1.24524,0.35799661,0.2865102,2.74937,0.723885,0.2640556,0.507286075,0.9100703,0.1780237,1.3329475,0.9600461,0.3821773,2.7494175,0.8343968,0.2513955,2.9781225,0.5773484,0.700466,0.6521804,0.929826402797704,0.784386581637463,0.935566821313928,0.0606433457293648,0.568319512829703,0.348183844188393,0.568319512829703,0.507763382657294,0.725536863370917,82068.4101708792,0.00115343,65481090.2533626,1e-04,1,0.0990660190582275,222.563051223755,"3_130_8",3,130,8,1943,FALSE,TRUE,3,0.159848898232287,1,FALSE
"104",1.322425,0.4721237,0.2346426,1.7341575,0.699126,0.2246164,0.68666125,0.4219687,0.250039,2.000455,0.6756578,0.3864472,2.838315,0.8272386,0.1733757,2.861765,0.5059232,0.7154675,0.6582254,0.936455821754061,0.775604612977866,0.961243910185048,0.0576520915663222,0.569326017523678,0.270199074239873,0.569326017523678,0.449934879228741,0.809821918893039,43377.997303321,0.000562507,65481090.2533626,1e-04,1,0.0987951755523682,222.66753411293,"3_130_9",3,130,9,1944,FALSE,TRUE,3,0.133385232945415,3,FALSE
"105",1.365285,0.378785,0.2940291,1.932395,0.4965432,0.11538058,0.609648,0.8028079,0.3826339,1.1599675,0.9167014,0.3962773,2.54718,0.8822607,0.1885881,2.7875575,0.4299452,0.701713,0.6550904,0.934440822248737,0.778214170708531,0.956493089575662,0.0585590378997691,0.57184314091033,0.270358682882307,0.57184314091033,0.407975327967261,0.777282501080948,56278.577291104,0.000759539,65481090.2533626,1e-04,1,0.116716146469116,223.336617231369,"3_130_15",3,130,15,1950,FALSE,TRUE,5,0.114915412574508,1,TRUE
"106",1.16816,0.7021591,0.2258649,0.815645,0.6246257,0.2320672,0.51298595,0.6728326,0.339037,2.490065,0.7453981,0.3881338,2.9225975,0.5634912,0.22965,2.6041775,0.5964843,0.72097,0.6552917,0.941469476587305,0.773431917674178,0.974374822054544,0.0553309832403899,0.577975439141273,0.207488793383578,0.577975439141273,0.266575796667364,0.924918663754755,14920.4042038748,0.000127871,65481090.2533626,1e-04,1,0.0991969108581543,223.714384078979,"3_131_3",3,131,3,1953,FALSE,TRUE,1,0.0520025009834484,5,FALSE
"107",1.179,0.495811,0.2471364,0.674089,0.3750302,0.3442156,0.5133646,0.5355906,0.2983126,1.8340325,0.615175,0.3990925,2.913345,0.9184248,0.1319136,2.9394075,0.3786884,0.7195735,0.6593831,0.940128231756199,0.771866522072824,0.968717656923601,0.0559613555965034,0.574048490600146,0.242752391552108,0.574048490600146,0.330218755474001,31.0249274337652,20212.0566999801,0.000208691,65481090.2533626,1e-04,1,0.100044965744019,223.819815158844,"3_131_4",3,131,4,1954,FALSE,TRUE,2,0.0807926279985919,4,FALSE
"108",1.280415,0.4516844,0.2567664,0.95925,0.38981,0.1711438,0.52103745,0.9408339,0.385621,1.9620875,0.4436274,0.3573931,2.148395,0.6462032,0.240711,2.0096025,0.8683503,0.6975495,0.6534647,0.93700449986443,0.779788487363783,0.972823328267443,0.0574580718230448,0.574347433889496,0.226126766032465,0.574347433889496,0.320044945706998,13.9337083894505,31365.9723269787,0.000379046,65481090.2533626,1e-04,1,0.107976198196411,224.479791164398,"3_131_10",3,131,10,1960,FALSE,TRUE,2,0.0758149170003664,2,FALSE
"109",1.26653,0.5433319,0.278292,1.038495,0.4663725,0.2167876,0.567308,0.9068937,0.3546673,2.5508525,0.8330066,0.3706033,2.69833,0.9318893,0.1923774,2.8776175,0.61269,0.703289,0.6571013,0.938493055020375,0.775814519425985,0.963637254971485,0.0567203970141294,0.569059672559886,0.261723193128806,0.569059672559886,0.363504632548921,0.840489428668195,34658.4251532488,0.000429332,65481090.2533626,1e-04,1,0.0995090007781982,224.584845066071,"3_131_11",3,131,11,1961,FALSE,TRUE,1,0.0952503935976027,5,FALSE
"110",1.23821,0.633277,0.01590591,2.4222725,0.9831972,0.2627995,0.52181515,0.4273426,0.3603343,2.84129,0.6641876,0.3685963,2.149785,0.4960168,0.1859952,2.56514,0.6695608,0.701629,0.6570944,0.937045927978002,0.765541859155349,0.97598993067262,0.0573837726424657,0.581951413107592,0.212672133012545,0.581951413107592,0.300623449868055,0.839980809828525,39906.3406552018,0.000509484,65481090.2533626,1e-04,1,0.0999059677124023,224.805158138275,"3_131_13",3,131,13,1963,FALSE,TRUE,3,0.0670616158799383,5,FALSE
"111",1.254555,0.4508745,0.2800347,1.687055,0.35780187,0.2097097,0.5919565,0.6180828,0.2559517,1.70706,0.5826278,0.3906022,2.9320925,0.5194668,0.1940268,2.6753375,0.4853369,0.715901,0.6557021,0.937678815406961,0.77831961631052,0.969841545301827,0.0570945998756102,0.571707186523214,0.225094945256283,0.571707186523214,0.408061140418277,0.838206974451367,32874.3093543578,0.000402083,65481090.2533626,1e-04,1,0.10865592956543,226.983132123947,"3_133_2",3,133,2,1982,FALSE,TRUE,5,0.114558817144563,3,FALSE
"112",1.16816,0.6254293,0.1933557,0.6019965,0.517637,0.1953784,0.5134194,0.3845565,0.3626167,2.3675625,0.8129873,0.3882454,2.8661625,0.5634912,0.22965,2.6041775,0.5964843,0.72097,0.6552917,0.941382306467409,0.773310265669762,0.974466211637626,0.0553721704166208,0.578130585519982,0.207118469100027,0.578130585519982,0.240749855916833,0.926749063935184,14920.4042038748,0.000127871,65481090.2533626,1e-04,1,0.0992610454559326,227.088020086288,"3_133_3",3,133,3,1983,FALSE,TRUE,1,0.0406070792342447,5,FALSE
"113",1.17607,0.6833214,0.2632767,1.0308475,0.509867,0.2813287,0.567308,0.9068937,0.3546673,2.5508525,0.8330066,0.3706033,2.69833,0.9318893,0.1923774,2.8776175,0.7521846,0.6958905,0.6581723,0.938045551989188,0.775537296489376,0.961382880543734,0.0569263619515558,0.569411407323707,0.269714203552111,0.569411407323707,0.364216360388095,0.833822592559065,35172.1384109133,0.000437178,65481090.2533626,1e-04,1,0.101969003677368,227.964086055756,"3_133_11",3,133,11,1991,FALSE,TRUE,2,0.0956713531938918,5,FALSE
"114",1.17813,0.33243079,0.1759185,1.494445,0.5085433,0.1634362,0.5252235,0.8074713,0.3323419,1.52801,0.4250928,0.3963799,2.4401475,0.9795418,0.2113881,2.55892,0.6594766,0.7028825,0.660158,0.934208903094178,0.774532727510448,0.957918454452123,0.0586625243480153,0.570684167682107,0.28155271581913,0.570684167682107,0.391847902416659,0.779161689367298,51918.7584787969,0.000692951,65481090.2533626,1e-04,1,0.108317852020264,228.077950239182,"3_133_12",3,133,12,1992,FALSE,TRUE,3,0.107973613017276,3,FALSE
"115",1.23821,0.633277,0.01590591,2.4222725,0.9831972,0.1763017,0.51495115,0.5518285,0.3935122,2.3130175,0.6641876,0.3685963,2.149785,0.4960168,0.1859952,2.56514,0.6695608,0.701629,0.6570944,0.936661910061478,0.765393730377235,0.975862070645628,0.057558526180049,0.582135220204297,0.213237649064419,0.582135220204297,0.288374870407312,0.840055373092999,39906.3406552018,0.000509484,65481090.2533626,1e-04,1,0.0987200736999512,228.182359218597,"3_133_13",3,133,13,1993,FALSE,TRUE,3,0.0616605623416248,5,FALSE
"116",1.316855,0.5254014,0.2837133,1.73718,0.5083018,0.3688369,0.56188775,0.654508,0.3767164,2.3844375,0.7419597,0.3800665,1.8936125,0.9539057,0.1885653,2.888115,0.441995,0.7150255,0.6543008,0.936071415511208,0.773570511162666,0.96840161429913,0.0578262098640351,0.577798636024738,0.230405927741347,0.577798636024738,0.369076216983219,0.799434259690711,48542.5637131241,0.000641386,65481090.2533626,1e-04,1,0.11296010017395,228.405716180801,"3_133_15",3,133,15,1995,FALSE,TRUE,7,0.097387791064667,2,FALSE
"117",1.3198975,0.9514851,0.2817354,1.5679025,0.556823,0.3399406,0.59544025,0.7403525,0.3660355,2.86124,0.4081808,0.3795367,2.884545,0.5499637,0.1943496,2.445935,0.7295249,0.705381,0.6544052,0.940804110240363,0.770484105637567,0.97323616002183,0.0556445917186851,0.581723224150359,0.212048601456763,0.581723224150359,0.246869749036883,0.929268513248211,12053.3787626417,8.40826e-05,65481090.2533626,1e-04,1,0.10106086730957,228.890995264053,"3_134_4",3,134,4,1999,FALSE,TRUE,2,0.0433489636360233,5,FALSE
"118",1.2284825,0.4551662,0.1571238,0.5806845,0.4833888,0.3055369,0.52818175,0.9770645,0.2271514,2.03842,0.5517452,0.3801058,2.1491025,0.6521231,0.2138106,2.3034275,0.9711922,0.6837865,0.6538274,0.939668866730421,0.777009827845087,0.974910760402045,0.056229862996401,0.577959672610886,0.217268910651359,0.577959672610886,0.310757853404911,45.2472101515597,14535.806743319,0.000121997,65481090.2533626,1e-04,1,0.109330892562866,229.772598266602,"3_134_12",3,134,12,2007,FALSE,TRUE,3,0.0725615349611624,5,FALSE
"119",1.365285,0.378785,0.2940291,1.932395,0.4965432,0.1840027,0.592189,0.8650365,0.3826339,1.1599675,0.9167014,0.3962773,2.54718,0.8822607,0.1885881,2.7875575,0.478444,0.7033135,0.6550904,0.934231579622593,0.779291722315585,0.955615458082639,0.0586524137319174,0.570452292890173,0.273071937145407,0.570452292890173,0.402580782541841,0.77763311631817,56278.577291104,0.000759539,65481090.2533626,1e-04,1,0.109135866165161,230.100538253784,"3_134_15",3,134,15,2010,FALSE,TRUE,3,0.112575810812292,1,FALSE
